{
    "epoch": 3.0,
    "eval_loss": 1.3785396814346313,
    "eval_runtime": 7.5706,
    "eval_samples_per_second": 14.53,
    "eval_steps_per_second": 14.53,
    "total_flos": 1.9001199715835904e+16,
    "train_loss": 1.3286951382954915,
    "train_runtime": 767.0699,
    "train_samples_per_second": 3.837,
    "train_steps_per_second": 0.481
}